,import_from_US,difference,relative_loss
BHS,3572547.5,1458754.9999995232,0.050464665544991405
TTO,2721872.5,2737045.9999990463,0.047054758456543944
ABW,555580.5625,396217.9999998808,0.04520391404072566
MAC,621698.25,2641295.9999990463,0.043086511958145834
ANT,641515.8125,601150.0,0.04207095178714315
ETH,301233.75,345648.9999998808,0.040320383791891956
MLT,363885.4375,1081642.0,0.03788417372061481
ISL,643171.5,1756514.0,0.03759122225739375
EST,318815.875,1931845.9999990463,0.03093748633589133
LUX,1479507.0,5261480.0,0.02996525505076786
BHR,871729.375,1992004.9999990463,0.027849941847724047
BRN,196665.53125,911528.9999995232,0.027296950970367995
LVA,171749.21875,2388087.9999980927,0.027145935273886757
BRB,1011969.8125,421230.9999997616,0.02688658942062716
TWN,21445430.0,17703023.99999237,0.026739338577286276
LTU,379097.4375,3021387.9999980927,0.02571942606170996
CYP,614279.875,2213056.9999980927,0.0248660882013807
VGB,55548.578125,59398.9999999702,0.024857609844897155
ZWE,110802.2890625,74990.9999999404,0.024344584608160247
MDV,25430.51171875,203622.9999998808,0.02423644047848672
FJI,49746.1796875,317140.0,0.024011647458554997
CZE,3898041.5,13358750.99999237,0.02295481401417554
SVN,599793.375,3673389.9999980927,0.022638938542018927
HRV,571895.25,4330346.999996185,0.0219350077146796
PAN,6451868.0,2456756.9999980927,0.021701121947925728
CRI,6181130.5,2849844.9999980927,0.021343363096648638
JAM,3354936.25,1157643.0,0.021073946053040693
JOR,1153229.125,2435085.9999980927,0.02094050524159563
NCL,41689.078125,695391.9999995232,0.020864228363381976
SYC,19295.1484375,109145.99999988079,0.02003212727705872
SVK,1081155.625,6893737.999992371,0.019808830833834
KWT,4360278.0,5607545.999996185,0.019769410869741044
CHN,134060280.0,378525484.9995117,0.019577137025872382
ARE,10575914.0,21919134.99998474,0.019040425930150207
SAU,21442848.0,31789114.0,0.018828063786568983
OMN,601714.75,3425818.0,0.018491586054358855
CYM,370257.9375,177713.9999998808,0.018415371833557792
TKM,238264.75,1452710.9999990463,0.018156247173140017
KOR,70425176.0,45640783.99996948,0.018018630023952653
PYF,286803.9375,455949.99999952316,0.01779104417252153
MNG,133604.796875,423642.0,0.017717700374642043
URY,827954.6875,2556163.9999980927,0.01760953698832779
FIN,5584112.0,11689862.999984741,0.017556265618834388
MKD,99541.015625,733718.9999990463,0.01750412140169022
MUS,156315.21875,633149.9999995232,0.01718869610911611
AGO,1684576.25,4507109.999996185,0.01690413766615162
HND,3786553.0,1044645.9999990463,0.016663444786479964
ATG,357385.0,65130.999999940395,0.016632610304689877
GAB,332997.375,1118877.9999990463,0.01656922065897959
AND,16216.2763671875,192226.0,0.01648279538455366
HKG,29264344.0,22888691.0,0.016227107955169018
BGR,591885.875,2688454.9999961853,0.01620665531478771
BMU,514863.53125,352451.99999952316,0.01620015573431388
NOR,8948894.0,17760754.99998474,0.016154623499198273
NZL,7709516.5,7015584.999992371,0.01582804424873352
LBN,933660.6875,2304462.9999980927,0.015685746359328512
DOM,5625808.0,2919880.0,0.015432503643064699
ISR,11307706.0,10907849.0,0.015402320212509757
MRT,85662.546875,204353.99999976158,0.015074491630073794
ECU,4306713.5,2807149.0,0.014836987766542187
BLZ,442027.9375,70391.9999999404,0.014793679585745068
BEL,26396802.0,18336491.99998474,0.014751559759984545
GRC,2815631.5,13686469.999984741,0.01403345074357798
HUN,2660249.0,5200149.0,0.013983312348697652
SLV,3206414.5,1186866.9999990463,0.013971294676107249
BOL,1032289.3125,865653.9999990463,0.01385342687116875
NIC,1198633.75,529102.9999995232,0.013832392289581108
SMR,17071.2578125,88822.0,0.013817272321547946
DNK,5844552.5,12029410.999984741,0.01379542654305066
AUT,8175570.0,15627629.999984741,0.01361443137910534
TZA,211674.25,647144.0,0.01343379739753292
NLD,47524344.0,27661763.999969482,0.013296431546705456
POL,5810512.5,20982169.0,0.013288647326437086
GRL,7619.19287109375,129358.99999988079,0.013268327462578888
SUR,300140.375,153630.0,0.01292985796963464
LSO,46933.4921875,141452.0,0.012898507407110849
PRT,1637757.75,9529989.999984741,0.012614353610929108
SWE,11157809.0,18149469.0,0.012360902539176877
DZA,2528205.5,7244114.999992371,0.01217693008381815
BIH,62320.375,820254.9999990463,0.012164209073928234
VNM,2492467.5,4079528.9999961853,0.012048773704731452
KHM,97596.78125,524753.0,0.011935024039977371
GEO,181928.09375,583807.0,0.011777769097554014
PER,6506155.0,5864882.999992371,0.011757457939731708
PRY,427682.8125,1019052.0,0.01139864443331362
GHA,574101.1875,1363481.9999980927,0.011083951913581913
CHE,24377454.0,19941656.999969482,0.011079573372163587
TUN,664883.75,1876140.9999961853,0.010847153971149659
ZAF,9921930.0,12201417.999984741,0.010559128513509819
QAT,1602103.5,3765269.0,0.010057071422786557
GTM,5003709.5,1647416.9999980927,0.01002492884538686
CHL,11083562.0,6356054.999984741,0.009997989355015058
PNG,89648.015625,440449.9999990463,0.009737139653154259
ALB,42862.3359375,518811.0,0.009727304430251493
KGZ,126151.921875,195897.99999976158,0.00968036420558871
NPL,120575.046875,614322.9999990463,0.009395457815219999
NAM,56969.48828125,415610.9999990463,0.009373506750054439
GUY,41670504.0,11381829.999984741,0.009365081034129474
AZE,508227.0,1262358.9999980927,0.009247250896904369
YEM,285984.125,991459.9999980927,0.009134905741126076
COL,16892810.0,7846276.999984741,0.008994034542331164
ROU,1812890.25,5395970.999992371,0.008914135760118569
UKR,728070.625,4452100.0,0.008846908234416695
MAR,816072.125,2721984.9999923706,0.00876611241209524
SWZ,8654.42578125,140515.99999976158,0.008731745230838861
MYS,24926674.0,6849533.0,0.008671405471538662
NGA,3850180.25,6462495.999984741,0.008609640897816462
COG,325229.1875,260064.99999952316,0.008513843411495081
GBR,80459552.0,65714271.99987793,0.008424846369869954
ARM,208014.6875,242761.99999952316,0.008160873521179113
THA,16681050.0,9552621.999984741,0.008007819350086542
COD,119168.296875,722399.0,0.007978837861633004
BTN,29780.72265625,43104.0,0.007945438813239392
RUS,13699104.0,41088935.999938965,0.007944587398611702
TUR,8523512.0,19679030.999969482,0.007878381729464756
TGO,28355.08984375,108429.99999976158,0.007849475737087275
BWA,61798.484375,452813.9999990463,0.007830315448731362
LKA,327960.5,1601607.9999961853,0.007827727577058852
CIV,118066.28125,481327.9999990463,0.007820512047485018
AUS,68994480.0,28896361.999938965,0.007692983301432754
PSE,171514.96875,275232.99999952316,0.007618753977856052
ARG,11447695.0,9469930.999984741,0.007502983725027335
MDG,142581.78125,258377.0,0.007455483300322641
KEN,463543.875,847447.0,0.0072955596130519496
HTI,837186.875,172447.99999952316,0.007113543188697058
VUT,9368.4521484375,17174.999999970198,0.006766943110569912
ZMB,112265.5703125,385636.9999990463,0.006762814117045046
SGP,55159372.0,7028264.999984741,0.006694881234037275
GIN,145859.0625,108589.99999976158,0.00649164430801541
SRB,332457.5625,913789.9999980927,0.006417337429187597
ESP,19135530.0,30103199.999938965,0.006411029844244354
CUB,11454.427734375,1352373.9999961853,0.006348109694198634
FRA,43000872.0,48216313.99987793,0.006313188248263657
MWI,26188.798828125,121440.99999976158,0.0062598834686511395
SYR,325591.96875,1204307.9999961853,0.0062368716952754255
CMR,193443.265625,517422.9999990463,0.006142811669773707
KAZ,821098.5,2790556.9999923706,0.006122575714795353
VEN,13573674.0,6623817.999984741,0.006105026494163113
SEN,110745.15625,403593.9999990463,0.005937942863587509
IRQ,39727.87890625,3236792.9999923706,0.005727890659024126
DEU,96889536.0,50438952.99987793,0.005638019079445833
IRN,406807.3125,6588721.999984741,0.005217268233281835
CPV,30485.55859375,37194.99999988079,0.005171912486945374
BGD,516358.4375,1754861.0,0.005076570906270561
ITA,25766132.0,31213170.0,0.005072060862709726
BFA,78310.859375,143508.99999952316,0.005023084948097001
LAO,18536.375,104974.99999976158,0.004992827367678032
WSM,28607.09375,9986.999999970198,0.004936883084249999
EGY,4396862.0,4423966.999984741,0.004757118241549563
IDN,17555066.0,11322855.999969482,0.004756731724087082
PAK,1388047.25,3257384.9999923706,0.004747591147369334
IND,27853478.0,24826572.999938965,0.0046563260107879145
TCD,60414.1484375,93089.99999976158,0.004655474972836693
UGA,108563.5703125,318343.9999990463,0.004491007939977365
SLE,47032.015625,45315.99999988079,0.00441347622179844
NER,106888.6171875,105053.99999952316,0.004157340115296115
IRL,33238760.0,2147578.9999923706,0.004097045516049391
AFG,89097.5078125,223106.0,0.004040069816113601
JPN,137048960.0,70419188.99975586,0.003984061247308546
BRA,49181232.0,24143273.99987793,0.0038885497551710557
DJI,17768.50390625,17545.999999940395,0.0037890114069405456
MLI,77685.6015625,122583.99999952316,0.003721909434739601
LBR,29339.35546875,13778.999999940395,0.0036990312572759976
BEN,36981.7109375,87763.99999952316,0.0036487243399330183
LBY,42847.0546875,480628.99999809265,0.0035348227572340463
RWA,100525.234375,63596.99999976158,0.0031978996652304303
MNE,62730.3984375,51715.99999976158,0.003142591672955497
UZB,527526.4375,423988.99999809265,0.0030328094775988745
PRK,7244.0625,114115.99999952316,0.00296845432772308
GMB,13441.0615234375,9595.999999940395,0.002574104798114263
CAF,9708.623046875,14146.0,0.00223436279711553
STP,5590.966796875,2161.999999985099,0.0022176685820385345
MOZ,57994.8828125,101405.0,0.0022070568473253616
ERI,31132.8828125,11565.99999988079,0.0014605822492352871
BDI,18608.08984375,9431.99999988079,0.0012389582134675337
MMR,24699.76171875,95322.99999809265,0.0007112861522218239
TJK,62084.6328125,12374.999999761581,0.0006366404988522589
SOM,3151.485595703125,1172.9999999403954,0.00032778830374446954
LIE,53825.69921875,4009.9999997615814,0.00023127413617540782
MCO,39438.09375,1933.9999997615814,0.00011093045237942079
PHL,10071014.0,-2256472.000015259,-0.003071550213318286
CAN,377091072.0,-267454352.00006104,-0.050897911211500446
MEX,182933552.0,-209172209.00006104,-0.06202982411335212
